{
  "method": "minmax",
  "columns": {
    "ha_verdes_km2": {
      "vmin": 1.1214780123092485,
      "vmax": 24.76129240250232
    },
    "cobertura_arbolado_pct": {
      "vmin": 5.704447346219394,
      "vmax": 69.38283423004377
    },
    "pm25": {
      "vmin": 5.454145790696763,
      "vmax": 44.98870693144522
    },
    "pm10": {
      "vmin": 16.70605181110674,
      "vmax": 99.14661975314534
    },
    "residuos_no_gestionados_kg_por_hab_dia": {
      "vmin": 0.1050952253050631,
      "vmax": 1.196561677030542
    },
    "porcentaje_reciclaje": {
      "vmin": 5.384854003046817,
      "vmax": 39.568380279882646
    },
    "porcentaje_transporte_limpio": {
      "vmin": 5.191576151505007,
      "vmax": 34.93802331600013
    }
  }
}